Rk,Player,Nation,Pos,Squad,Comp,Age,Born,90s,Gls,Sh,SoT,SoT%,Sh/90,SoT/90,G/Sh,G/SoT,Dist,FK,PK,PKatt,xG,npxG,npxG/Sh,G-xG,np:G-xG,Matches,Shot_Accuracy
1,Brenden Aaronson,us USA,"MF,FW",Leeds United,eng Premier League,21,2000,26.4,1,41.0,9,22.0,1.56,0.34,0.02,0.11,18.4,2,0,0,3.9,3.9,0.09,-2.9,-2.9,Matches,22.0
13,Zakaria Aboukhlal,ma MAR,"FW,MF",Toulouse,fr Ligue 1,22,2000,27.5,10,83.0,30,36.1,3.02,1.09,0.12,0.33,15.9,0,0,0,11.5,11.5,0.14,-1.5,-1.5,Matches,36.1
14,Tammy Abraham,eng ENG,FW,Roma,it Serie A,24,1997,24.3,8,62.0,28,45.2,2.55,1.15,0.13,0.29,12.0,0,0,0,10.8,10.8,0.17,-2.8,-2.8,Matches,45.2
20,Che Adams,sct SCO,FW,Southampton,eng Premier League,26,1996,22.1,5,47.0,14,29.8,2.12,0.63,0.11,0.36,13.8,0,0,0,6.7,6.7,0.14,-1.7,-1.7,Matches,29.8
25,Karim Adeyemi,de GER,"FW,MF",Dortmund,de Bundesliga,20,2002,15.4,6,37.0,14,37.8,2.4,0.91,0.16,0.43,17.4,0,0,1,5.0,4.3,0.12,1.0,1.7,Matches,37.8
26,Amine Adli,ma MAR,"FW,MF",Leverkusen,de Bundesliga,22,2000,15.9,5,37.0,17,45.9,2.32,1.07,0.14,0.29,14.0,1,0,0,5.0,5.0,0.14,0.0,0.0,Matches,45.9
62,Luis Alberto,es ESP,MF,Lazio,it Serie A,29,1992,27.1,6,45.0,17,37.8,1.66,0.63,0.11,0.29,23.2,4,1,2,4.4,2.7,0.06,1.6,2.3,Matches,37.8
72,Trent Alexander-Arnold,eng ENG,DF,Liverpool,eng Premier League,23,1998,32.5,2,40.0,8,20.0,1.23,0.25,0.05,0.25,23.8,5,0,0,2.4,2.4,0.06,-0.4,-0.4,Matches,20.0
81,Miguel Almirón,py PAR,FW,Newcastle Utd,eng Premier League,28,1994,27.7,11,69.0,20,29.0,2.49,0.72,0.16,0.55,16.4,0,0,0,8.0,8.0,0.12,3.0,3.0,Matches,29.0
87,Julián Álvarez,ar ARG,"FW,MF",Manchester City,eng Premier League,22,2000,16.3,9,46.0,20,43.5,2.83,1.23,0.17,0.4,16.0,0,1,1,7.0,6.2,0.13,2.0,1.8,Matches,43.5
106,Felipe Anderson,br BRA,FW,Lazio,it Serie A,29,1993,32.9,9,41.0,23,56.1,1.25,0.7,0.22,0.39,15.1,0,0,0,6.0,6.0,0.15,3.0,3.0,Matches,56.1
119,Michail Antonio,jm JAM,FW,West Ham,eng Premier League,32,1990,20.3,5,39.0,13,33.3,1.92,0.64,0.13,0.38,11.6,0,0,0,6.6,6.6,0.17,-1.6,-1.6,Matches,33.3
120,Antony,br BRA,FW,Manchester Utd,eng Premier League,22,2000,20.0,4,72.0,24,33.3,3.6,1.2,0.06,0.17,19.6,0,0,0,6.6,6.6,0.09,-2.6,-2.6,Matches,33.3
147,Takuma Asano,jp JPN,"FW,MF",Bochum,de Bundesliga,27,1994,19.0,3,53.0,18,34.0,2.78,0.95,0.06,0.17,16.1,0,0,0,5.6,5.6,0.11,-2.6,-2.6,Matches,34.0
150,Marco Asensio,es ESP,"FW,MF",Real Madrid,es La Liga,26,1996,16.0,9,58.0,24,41.4,3.62,1.5,0.16,0.38,21.5,5,0,1,6.3,5.5,0.1,2.7,3.5,Matches,41.4
154,Iago Aspas,es ESP,FW,Celta Vigo,es La Liga,34,1987,31.9,12,75.0,29,38.7,2.35,0.91,0.13,0.34,19.5,7,2,3,11.0,8.7,0.12,1.0,1.3,Matches,38.7
164,Carlos Augusto,br BRA,DF,Monza,it Serie A,23,1999,34.3,6,42.0,16,38.1,1.23,0.47,0.14,0.38,15.0,0,0,0,4.4,4.4,0.11,1.6,1.6,Matches,38.1
167,Ezequiel Ávila,ar ARG,"FW,MF",Osasuna,es La Liga,28,1994,19.0,8,64.0,21,32.8,3.37,1.11,0.09,0.29,21.9,2,2,3,7.0,4.7,0.07,1.0,1.3,Matches,32.8
187,Alex Baena,es ESP,"MF,FW",Villarreal,es La Liga,21,2001,21.6,6,62.0,22,35.5,2.87,1.02,0.1,0.27,22.6,3,0,0,3.9,3.9,0.06,2.1,2.1,Matches,35.5
189,Leon Bailey,jm JAM,"FW,MF",Aston Villa,eng Premier League,24,1997,21.9,4,51.0,14,27.5,2.33,0.64,0.08,0.29,18.1,3,0,0,5.3,5.3,0.1,-1.3,-1.3,Matches,27.5
209,Folarin Balogun,us USA,FW,Reims,fr Ligue 1,21,2001,33.3,21,121.0,50,41.3,3.63,1.5,0.12,0.3,15.2,2,6,7,26.6,21.0,0.18,-5.6,-6.0,Matches,41.3
211,Jonathan Bamba,ci CIV,FW,Lille,fr Ligue 1,26,1996,30.9,6,71.0,28,39.4,2.3,0.91,0.08,0.21,15.5,0,0,0,8.2,8.2,0.12,-2.2,-2.2,Matches,39.4
212,Patrick Bamford,eng ENG,FW,Leeds United,eng Premier League,28,1993,16.8,4,48.0,16,33.3,2.85,0.95,0.08,0.25,14.7,1,0,2,8.5,6.9,0.15,-4.5,-2.9,Matches,33.3
215,Léo Baptistão,br BRA,"FW,MF",Almería,es La Liga,29,1992,19.2,5,45.0,16,35.6,2.35,0.83,0.11,0.31,14.9,0,0,0,4.9,4.9,0.11,0.1,0.1,Matches,35.6
227,Ross Barkley,eng ENG,"MF,FW",Nice,fr Ligue 1,28,1993,10.7,4,38.0,17,44.7,3.56,1.59,0.11,0.24,19.7,3,0,0,4.3,4.3,0.11,-0.3,-0.3,Matches,44.7
229,Harvey Barnes,eng ENG,"FW,MF",Leicester City,eng Premier League,24,1997,30.1,13,72.0,34,47.2,2.39,1.13,0.18,0.38,15.9,0,0,0,8.9,8.9,0.12,4.1,4.1,Matches,47.2
235,Musa Barrow,gm GAM,"FW,MF",Bologna,it Serie A,23,1998,21.8,3,65.0,16,24.6,2.98,0.73,0.05,0.19,23.2,1,0,0,3.0,3.0,0.05,0.0,0.0,Matches,24.6
247,Christoph Baumgartner,at AUT,"MF,FW",Hoffenheim,de Bundesliga,22,1999,28.5,7,66.0,19,28.8,2.31,0.67,0.11,0.37,15.7,0,0,0,7.1,7.1,0.11,-0.1,-0.1,Matches,28.8
257,Sheraldo Becker,sr SUR,FW,Union Berlin,de Bundesliga,27,1995,28.4,11,67.0,26,38.8,2.36,0.92,0.16,0.42,18.3,0,0,0,6.5,6.5,0.1,4.5,4.5,Matches,38.8
274,Jean-Ricner Bellegarde,fr FRA,"MF,FW",Strasbourg,fr Ligue 1,24,1998,26.9,2,38.0,13,34.2,1.41,0.48,0.05,0.15,22.2,11,0,0,2.5,2.5,0.07,-0.5,-0.5,Matches,34.2
276,Jude Bellingham,eng ENG,MF,Dortmund,de Bundesliga,19,2003,29.9,8,66.0,23,34.8,2.21,0.77,0.11,0.3,18.0,2,1,1,8.2,7.4,0.11,-0.2,-0.4,Matches,34.8
282,Wissam Ben Yedder,fr FRA,FW,Monaco,fr Ligue 1,31,1990,23.5,19,66.0,36,54.5,2.81,1.53,0.21,0.39,14.2,3,5,6,17.4,12.7,0.19,1.6,1.3,Matches,54.5
287,Saïd Benrahma,dz ALG,"FW,MF",West Ham,eng Premier League,26,1995,23.0,6,69.0,23,33.3,3.0,1.0,0.03,0.09,21.9,5,4,4,7.0,3.9,0.06,-1.0,-1.9,Matches,33.3
288,Ramy Bensebaini,dz ALG,DF,Gladbach,de Bundesliga,27,1995,27.6,6,39.0,12,30.8,1.41,0.44,0.1,0.33,17.3,3,2,2,5.3,3.7,0.1,0.7,0.3,Matches,30.8
289,Nabil Bentaleb,dz ALG,MF,Angers,fr Ligue 1,27,1994,27.7,4,39.0,13,33.3,1.41,0.47,0.05,0.15,27.5,8,2,2,3.2,1.6,0.04,0.8,0.4,Matches,33.3
292,Karim Benzema,fr FRA,FW,Real Madrid,es La Liga,34,1987,22.6,19,99.0,36,36.4,4.37,1.59,0.12,0.33,15.9,6,7,8,21.5,14.9,0.15,-2.5,-2.9,Matches,36.4
293,Domenico Berardi,it ITA,FW,Sassuolo,it Serie A,27,1994,20.7,12,75.0,19,25.3,3.62,0.92,0.07,0.26,22.0,4,7,8,11.4,5.1,0.07,0.6,-0.1,Matches,25.3
295,Álex Berenguer,es ESP,FW,Athletic Club,es La Liga,27,1995,25.5,4,56.0,19,33.9,2.19,0.74,0.07,0.21,18.0,4,0,0,4.3,4.3,0.08,-0.3,-0.3,Matches,33.9
300,Mergim Berisha,de GER,FW,Augsburg,de Bundesliga,24,1998,18.7,9,51.0,13,25.5,2.73,0.7,0.12,0.46,18.7,6,3,4,8.1,5.0,0.1,0.9,1.0,Matches,25.5
307,Beto,gw GNB,FW,Udinese,it Serie A,24,1998,23.7,10,60.0,20,33.3,2.54,0.85,0.15,0.45,13.7,0,1,1,10.9,10.1,0.17,-0.9,-1.1,Matches,33.3
317,Philip Billing,dk DEN,"MF,FW",Bournemouth,eng Premier League,26,1996,30.7,7,38.0,18,47.4,1.24,0.59,0.18,0.39,18.3,5,0,0,4.9,4.9,0.13,2.1,2.1,Matches,47.4
330,Ludovic Blas,fr FRA,"MF,FW",Nantes,fr Ligue 1,24,1997,31.3,7,95.0,32,33.7,3.04,1.02,0.05,0.16,21.5,4,2,4,9.3,6.4,0.07,-2.3,-1.4,Matches,33.7
345,Giacomo Bonaventura,it ITA,MF,Fiorentina,it Serie A,32,1989,21.2,5,49.0,14,28.6,2.31,0.66,0.1,0.36,19.6,2,0,0,4.3,4.3,0.09,0.7,0.7,Matches,28.6
348,Theo Bongonda,cd COD,"MF,FW",Cádiz,es La Liga,26,1995,21.5,4,42.0,14,33.3,1.95,0.65,0.07,0.21,21.1,2,1,1,5.2,4.4,0.1,-1.2,-1.4,Matches,33.3
366,Benjamin Bourigeaud,fr FRA,"MF,FW",Rennes,fr Ligue 1,28,1994,34.1,7,71.0,19,26.8,2.08,0.56,0.07,0.26,20.0,10,2,2,8.7,7.1,0.1,-1.7,-2.1,Matches,26.8
368,Jarrod Bowen,eng ENG,"FW,MF",West Ham,eng Premier League,25,1996,35.9,6,73.0,21,28.8,2.03,0.58,0.07,0.24,16.2,1,1,2,8.9,7.8,0.11,-2.9,-2.8,Matches,28.8
369,Lucas Boyé,ar ARG,FW,Elche,es La Liga,26,1996,27.4,7,71.0,20,28.2,2.6,0.73,0.1,0.35,14.4,1,0,1,8.3,7.5,0.11,-1.3,-0.5,Matches,28.2
373,Martin Braithwaite,dk DEN,"FW,MF",Espanyol,es La Liga,31,1991,27.3,10,58.0,25,43.1,2.13,0.92,0.17,0.4,16.0,4,0,0,9.2,9.2,0.16,0.8,0.8,Matches,43.1
375,Julian Brandt,de GER,"MF,FW",Dortmund,de Bundesliga,26,1996,26.6,9,42.0,26,61.9,1.58,0.98,0.21,0.35,18.0,1,0,0,5.2,5.2,0.12,3.8,3.8,Matches,61.9
396,Ante Budimir,hr CRO,FW,Osasuna,es La Liga,31,1991,20.0,8,58.0,21,36.2,2.9,1.05,0.14,0.38,11.6,0,0,0,7.6,7.6,0.13,0.4,0.4,Matches,36.2
397,Emi Buendía,ar ARG,"MF,FW",Aston Villa,eng Premier League,25,1996,26.8,5,49.0,11,22.4,1.83,0.41,0.1,0.45,15.9,2,0,0,6.3,6.3,0.13,-1.3,-1.3,Matches,22.4
401,Marius Bülter,de GER,"FW,MF",Schalke 04,de Bundesliga,29,1993,28.9,11,64.0,23,35.9,2.22,0.8,0.11,0.3,18.4,1,4,4,9.0,6.1,0.1,2.0,0.9,Matches,35.9
402,Cristian Buonaiuto,it ITA,"MF,FW",Cremonese,it Serie A,29,1992,10.9,1,42.0,11,26.2,3.86,1.01,0.0,0.0,19.7,6,1,1,3.3,2.5,0.06,-2.3,-2.5,Matches,26.2
415,Rémy Cabella,fr FRA,"MF,FW",Lille,fr Ligue 1,32,1990,28.1,7,42.0,23,54.8,1.5,0.82,0.17,0.3,14.1,8,0,0,8.3,8.3,0.2,-1.3,-1.3,Matches,54.8
417,Arthur Cabral,br BRA,FW,Fiorentina,it Serie A,24,1998,15.9,8,52.0,20,38.5,3.27,1.26,0.12,0.3,13.1,0,2,2,7.9,6.3,0.12,0.1,-0.3,Matches,38.5
432,Hakan Çalhanoğlu,tr TUR,MF,Inter,it Serie A,28,1994,26.3,3,55.0,16,29.1,2.09,0.61,0.04,0.13,26.5,10,1,1,3.1,2.3,0.04,-0.1,-0.3,Matches,29.1
446,Sergio Camello,es ESP,FW,Rayo Vallecano,es La Liga,21,2001,26.7,6,76.0,19,25.0,2.85,0.71,0.08,0.32,16.0,0,0,0,7.3,7.3,0.1,-1.3,-1.3,Matches,25.0
449,Sergio Canales,es ESP,"FW,MF",Betis,es La Liga,31,1991,26.7,4,38.0,10,26.3,1.42,0.37,0.08,0.3,22.8,6,1,1,4.3,3.5,0.09,-0.3,-0.5,Matches,26.3
453,Antonio Candreva,it ITA,"MF,DF",Salernitana,it Serie A,35,1987,30.3,7,46.0,20,43.5,1.52,0.66,0.15,0.35,22.2,3,0,0,3.7,3.7,0.08,3.3,3.3,Matches,43.5
459,Gianluca Caprari,it ITA,"MF,FW",Monza,it Serie A,29,1993,27.1,5,50.0,13,26.0,1.84,0.48,0.08,0.31,20.0,1,1,1,5.0,4.2,0.08,0.0,-0.2,Matches,26.0
461,Francesco Caputo,it ITA,FW,Empoli,it Serie A,34,1987,19.0,5,40.0,15,37.5,2.11,0.79,0.08,0.2,12.7,0,2,2,7.5,5.9,0.16,-2.5,-2.9,Matches,37.5
477,Yannick Carrasco,be BEL,"DF,MF",Atlético Madrid,es La Liga,28,1993,25.7,7,66.0,21,31.8,2.56,0.82,0.09,0.29,17.2,2,1,1,8.0,7.2,0.11,-1.0,-1.2,Matches,31.8
490,Valentín Castellanos,ar ARG,FW,Girona,es La Liga,23,1998,28.9,13,85.0,32,37.6,2.95,1.11,0.14,0.38,15.0,0,1,1,11.2,10.4,0.12,1.8,1.6,Matches,37.6
492,Samu Castillejo,es ESP,"FW,MF",Valencia,es La Liga,27,1995,15.1,4,37.0,10,27.0,2.44,0.66,0.11,0.4,18.5,2,0,0,2.9,2.9,0.08,1.1,1.1,Matches,27.0
503,Assan Ceesay,gm GAM,FW,Lecce,it Serie A,28,1994,20.1,6,41.0,10,24.4,2.04,0.5,0.12,0.5,14.7,0,1,1,5.1,4.3,0.11,0.9,0.7,Matches,24.4
513,Fares Chaïbi,dz ALG,"FW,MF",Toulouse,fr Ligue 1,19,2002,26.0,5,63.0,25,39.7,2.42,0.96,0.08,0.2,16.8,2,0,0,5.9,5.9,0.09,-0.9,-0.9,Matches,39.7
516,Muhammed Cham,at AUT,MF,Clermont Foot,fr Ligue 1,21,2000,21.9,7,51.0,19,37.3,2.33,0.87,0.1,0.26,20.6,7,2,2,6.0,4.4,0.09,1.0,0.6,Matches,37.3
526,Rayan Cherki,fr FRA,"MF,FW",Lyon,fr Ligue 1,18,2003,20.8,4,61.0,21,34.4,2.93,1.01,0.07,0.19,18.7,3,0,0,4.9,4.9,0.08,-0.9,-0.9,Matches,34.4
539,Samuel Chukwueze,ng NGA,"FW,MF",Villarreal,es La Liga,23,1999,26.0,6,60.0,17,28.3,2.31,0.65,0.1,0.35,17.4,0,0,0,6.5,6.5,0.11,-0.5,-0.5,Matches,28.3
548,Patrick Ciurria,it ITA,"DF,MF",Monza,it Serie A,27,1995,30.6,6,50.0,23,46.0,1.63,0.75,0.12,0.26,20.2,0,0,0,4.8,4.8,0.1,1.2,1.2,Matches,46.0
552,Jonathan Clauss,fr FRA,DF,Marseille,fr Ligue 1,29,1992,28.8,2,48.0,12,25.0,1.67,0.42,0.04,0.17,17.5,0,0,0,4.2,4.2,0.09,-2.2,-2.2,Matches,25.0
566,Lorenzo Colombo,it ITA,FW,Lecce,it Serie A,20,2002,16.8,5,43.0,11,25.6,2.55,0.65,0.09,0.36,16.8,0,1,2,6.2,4.6,0.11,-1.2,-0.6,Matches,25.6
569,Kingsley Coman,fr FRA,"FW,MF",Bayern Munich,de Bundesliga,26,1996,15.7,8,49.0,17,34.7,3.13,1.09,0.16,0.47,18.6,0,0,0,4.6,4.6,0.09,3.4,3.4,Matches,34.7
585,Ángel Correa,ar ARG,"FW,MF",Atlético Madrid,es La Liga,27,1995,16.2,9,43.0,18,41.9,2.66,1.11,0.21,0.5,15.3,0,0,0,7.1,7.1,0.17,1.9,1.9,Matches,41.9
594,Nuno da Costa,cv CPV,"FW,MF",Auxerre,fr Ligue 1,31,1991,22.3,5,39.0,14,35.9,1.75,0.63,0.13,0.36,15.7,0,0,0,4.6,4.6,0.12,0.4,0.4,Matches,35.9
633,Thijs Dallinga,nl NED,FW,Toulouse,fr Ligue 1,21,2000,26.1,12,61.0,30,49.2,2.33,1.15,0.2,0.4,12.1,0,0,0,9.8,9.8,0.16,2.2,2.2,Matches,49.2
647,Sergi Darder,es ESP,MF,Espanyol,es La Liga,28,1993,36.9,6,39.0,13,33.3,1.06,0.35,0.15,0.46,22.6,0,0,0,3.5,3.5,0.09,2.5,2.5,Matches,33.3
654,Jonathan David,ca CAN,FW,Lille,fr Ligue 1,22,2000,35.2,24,95.0,44,46.3,2.7,1.25,0.15,0.32,15.8,0,10,11,23.6,15.1,0.16,0.4,-1.1,Matches,46.3
661,Kevin De Bruyne,be BEL,MF,Manchester City,eng Premier League,31,1991,26.9,7,65.0,21,32.3,2.42,0.78,0.11,0.33,23.0,7,0,0,5.6,5.6,0.09,1.4,1.4,Matches,32.3
684,Ousmane Dembélé,fr FRA,FW,Barcelona,es La Liga,25,1997,15.7,5,49.0,16,32.7,3.13,1.02,0.1,0.31,16.7,0,0,0,3.9,3.9,0.08,1.1,1.1,Matches,32.7
689,Ermedin Demirović,ba BIH,"FW,MF",Augsburg,de Bundesliga,24,1998,26.3,8,63.0,23,36.5,2.4,0.87,0.11,0.3,15.2,0,1,1,7.5,6.8,0.11,0.5,0.2,Matches,36.5
692,Branco van den Boomen,nl NED,MF,Toulouse,fr Ligue 1,27,1995,32.1,5,48.0,20,41.7,1.5,0.62,0.02,0.05,25.1,16,4,4,6.0,2.9,0.06,-1.0,-1.9,Matches,41.7
702,Cyriel Dessers,ng NGA,FW,Cremonese,it Serie A,27,1994,17.6,6,49.0,12,24.5,2.78,0.68,0.12,0.5,13.6,0,0,1,7.1,6.4,0.13,-1.1,-0.4,Matches,24.5
705,Gerard Deulofeu,es ESP,FW,Udinese,it Serie A,28,1994,13.5,2,44.0,12,27.3,3.27,0.89,0.05,0.17,17.4,10,0,0,5.1,5.1,0.11,-3.1,-3.1,Matches,27.3
708,Federico Di Francesco,it ITA,"FW,MF",Lecce,it Serie A,28,1994,22.6,2,39.0,16,41.0,1.73,0.71,0.05,0.13,17.4,1,0,0,3.3,3.3,0.08,-1.3,-1.3,Matches,41.0
711,Ángel Di María,ar ARG,"FW,MF",Juventus,it Serie A,34,1988,15.1,4,37.0,12,32.4,2.44,0.79,0.08,0.25,21.5,1,1,1,3.1,2.3,0.06,0.9,0.7,Matches,32.4
712,Boulaye Dia,sn SEN,"FW,MF",Salernitana,it Serie A,25,1996,28.0,16,47.0,21,44.7,1.68,0.75,0.32,0.71,15.0,0,1,1,8.8,8.0,0.17,7.2,7.0,Matches,44.7
713,Moussa Diaby,fr FRA,"FW,MF",Leverkusen,de Bundesliga,23,1999,30.0,9,79.0,34,43.0,2.63,1.13,0.11,0.26,17.8,0,0,1,11.0,10.3,0.13,-2.0,-1.3,Matches,43.0
720,Habib Diallo,sn SEN,FW,Strasbourg,fr Ligue 1,27,1995,32.0,20,90.0,36,40.0,2.81,1.13,0.19,0.47,13.0,1,3,4,17.7,14.5,0.17,2.3,2.5,Matches,40.0
729,Krépin Diatta,sn SEN,"MF,FW",Monaco,fr Ligue 1,23,1999,23.0,4,40.0,18,45.0,1.74,0.78,0.1,0.22,15.2,0,0,0,4.6,4.6,0.12,-0.6,-0.6,Matches,45.0
739,Federico Dimarco,it ITA,DF,Inter,it Serie A,24,1997,23.0,4,49.0,15,30.6,2.13,0.65,0.08,0.27,20.7,7,0,0,3.1,3.1,0.06,0.9,0.9,Matches,30.6
763,Ritsu Doan,jp JPN,"MF,FW",Freiburg,de Bundesliga,24,1998,26.9,5,57.0,27,47.4,2.12,1.0,0.09,0.19,17.3,0,0,0,7.0,7.0,0.12,-2.0,-2.0,Matches,47.4
773,Nicolás Domínguez,ar ARG,MF,Bologna,it Serie A,24,1998,25.6,3,42.0,17,40.5,1.64,0.67,0.07,0.18,22.5,0,0,0,2.6,2.6,0.06,0.4,0.4,Matches,40.5
798,Marvin Ducksch,de GER,FW,Werder Bremen,de Bundesliga,28,1994,31.7,12,94.0,43,45.7,2.97,1.36,0.13,0.28,19.1,14,0,1,11.3,10.5,0.11,0.7,1.5,Matches,45.7
812,Paulo Dybala,ar ARG,"MF,FW",Roma,it Serie A,28,1993,19.3,12,60.0,18,30.0,3.11,0.93,0.12,0.39,20.7,3,5,5,9.3,5.3,0.09,2.7,1.7,Matches,30.0
813,Edin Džeko,ba BIH,FW,Inter,it Serie A,36,1986,19.2,9,73.0,24,32.9,3.79,1.25,0.12,0.38,14.4,0,0,0,9.7,9.7,0.13,-0.7,-0.7,Matches,32.9
820,Odsonne Édouard,fr FRA,FW,Crystal Palace,eng Premier League,24,1998,20.0,5,39.0,15,38.5,1.95,0.75,0.13,0.33,12.5,0,0,0,4.2,4.2,0.11,0.8,0.8,Matches,38.5
842,Adri Embarba,es ESP,"FW,MF",Almería,es La Liga,30,1992,16.4,4,47.0,19,40.4,2.87,1.16,0.06,0.16,23.9,13,1,1,3.8,3.1,0.06,0.2,-0.1,Matches,40.4
844,Breel Embolo,ch SUI,FW,Monaco,fr Ligue 1,25,1997,20.7,12,40.0,20,50.0,1.94,0.97,0.3,0.6,10.9,0,0,1,8.5,7.6,0.19,3.5,4.4,Matches,50.0
846,Youssef En-Nesyri,ma MAR,FW,Sevilla,es La Liga,25,1997,18.5,8,60.0,23,38.3,3.25,1.25,0.13,0.35,11.6,0,0,0,8.1,8.1,0.14,-0.1,-0.1,Matches,38.3
847,Julio Enciso,py PAR,"FW,MF",Brighton,eng Premier League,18,2004,9.0,4,38.0,18,47.4,4.24,2.01,0.11,0.22,19.6,0,0,0,4.0,4.0,0.11,0.0,0.0,Matches,47.4
848,Wataru Endo,jp JPN,MF,Stuttgart,de Bundesliga,29,1993,32.5,5,45.0,15,33.3,1.39,0.46,0.11,0.33,16.7,0,0,0,3.8,3.8,0.09,1.2,1.2,Matches,33.3
850,Christian Eriksen,dk DEN,MF,Manchester Utd,eng Premier League,30,1992,22.8,1,39.0,11,28.2,1.71,0.48,0.03,0.09,19.3,4,0,0,5.0,5.0,0.13,-4.0,-4.0,Matches,28.2
863,Eberechi Eze,eng ENG,"MF,FW",Crystal Palace,eng Premier League,24,1998,29.3,10,70.0,25,35.7,2.39,0.85,0.13,0.36,21.9,14,1,1,7.3,6.5,0.09,2.7,2.5,Matches,35.7
866,Abde Ezzalzouli,ma MAR,"FW,MF",Osasuna,es La Liga,20,2001,16.7,4,40.0,16,40.0,2.39,0.96,0.1,0.25,19.1,2,0,0,2.7,2.7,0.07,1.3,1.3,Matches,40.0
883,Ansu Fati,es ESP,FW,Barcelona,es La Liga,19,2002,15.5,7,61.0,18,29.5,3.94,1.16,0.11,0.39,15.0,3,0,0,9.1,9.1,0.16,-2.1,-2.1,Matches,29.5
893,João Félix,pt POR,"FW,MF",Chelsea,eng Premier League,22,1999,10.5,4,46.0,16,34.8,4.4,1.53,0.09,0.25,18.0,3,0,0,4.9,4.9,0.11,-0.9,-0.9,Matches,34.8
898,Lewis Ferguson,sct SCO,"MF,FW",Bologna,it Serie A,22,1999,25.7,7,43.0,18,41.9,1.67,0.7,0.16,0.39,15.5,0,0,0,4.7,4.7,0.11,2.3,2.3,Matches,41.9
899,Bruno Fernandes,pt POR,"MF,FW",Manchester Utd,eng Premier League,27,1994,36.8,8,90.0,32,35.6,2.44,0.87,0.07,0.19,20.8,6,2,2,9.3,7.7,0.09,-1.3,-1.7,Matches,35.6
918,Roberto Firmino,br BRA,"FW,MF",Liverpool,eng Premier League,30,1991,13.5,11,39.0,25,64.1,2.89,1.85,0.28,0.44,12.3,0,0,0,5.5,5.5,0.14,5.5,5.5,Matches,64.1
923,Alexis Flips,fr FRA,"FW,MF",Reims,fr Ligue 1,22,2000,22.0,4,53.0,20,37.7,2.41,0.91,0.08,0.2,24.1,9,0,0,3.9,3.9,0.07,0.1,0.1,Matches,37.7
925,Phil Foden,eng ENG,FW,Manchester City,eng Premier League,22,2000,20.5,11,46.0,22,47.8,2.25,1.07,0.24,0.5,15.3,1,0,0,5.9,5.9,0.13,5.1,5.1,Matches,47.8
926,Seko Fofana,ci CIV,MF,Lens,fr Ligue 1,27,1995,34.1,7,82.0,22,26.8,2.4,0.64,0.07,0.27,19.9,0,1,2,9.3,7.7,0.09,-2.3,-1.7,Matches,26.8
930,Youssouf Fofana,fr FRA,MF,Monaco,fr Ligue 1,23,1999,34.3,2,42.0,10,23.8,1.22,0.29,0.05,0.2,22.9,1,0,0,2.8,2.8,0.07,-0.8,-0.8,Matches,23.8
947,Davide Frattesi,it ITA,MF,Sassuolo,it Serie A,22,1999,31.9,7,64.0,24,37.5,2.0,0.75,0.11,0.29,13.9,0,0,0,7.8,7.8,0.12,-0.8,-0.8,Matches,37.5
956,Jeremie Frimpong,nl NED,"DF,MF",Leverkusen,de Bundesliga,21,2000,30.1,8,38.0,19,50.0,1.26,0.63,0.21,0.42,11.9,0,0,0,7.6,7.6,0.2,0.4,0.4,Matches,50.0
957,Chris Führich,de GER,"FW,MF",Stuttgart,de Bundesliga,24,1998,20.9,5,43.0,13,30.2,2.05,0.62,0.09,0.31,18.5,0,1,1,3.6,2.9,0.07,1.4,1.1,Matches,30.2
960,Niclas Füllkrug,de GER,FW,Werder Bremen,de Bundesliga,29,1993,27.5,16,74.0,32,43.2,2.69,1.16,0.15,0.34,16.0,0,5,5,12.8,8.6,0.12,3.2,2.4,Matches,43.2
962,Manolo Gabbiadini,it ITA,"FW,MF",Sampdoria,it Serie A,30,1991,26.2,7,72.0,28,38.9,2.75,1.07,0.1,0.25,19.3,6,0,0,7.4,7.4,0.1,-0.4,-0.4,Matches,38.9
966,Cody Gakpo,nl NED,"FW,MF",Liverpool,eng Premier League,23,1999,16.2,7,39.0,12,30.8,2.41,0.74,0.18,0.58,14.8,0,0,0,6.2,6.2,0.16,0.8,0.8,Matches,30.8
974,Kévin Gameiro,fr FRA,FW,Strasbourg,fr Ligue 1,35,1987,23.3,10,44.0,22,50.0,1.89,0.94,0.2,0.41,13.0,0,1,2,8.2,6.5,0.15,1.8,2.5,Matches,50.0
980,Álvaro García,es ESP,"FW,MF",Rayo Vallecano,es La Liga,29,1992,31.9,5,52.0,21,40.4,1.63,0.66,0.1,0.24,17.7,0,0,0,3.6,3.6,0.07,1.4,1.4,Matches,40.4
988,Raúl García,es ESP,"FW,MF",Athletic Club,es La Liga,36,1986,10.7,2,52.0,14,26.9,4.84,1.3,0.04,0.14,14.6,0,0,0,5.2,5.2,0.1,-3.2,-3.2,Matches,26.9
1014,Morgan Gibbs-White,eng ENG,"MF,FW",Nott'ham Forest,eng Premier League,22,2000,33.0,5,57.0,19,33.3,1.73,0.58,0.05,0.16,20.0,3,2,2,6.0,4.4,0.08,-1.0,-1.4,Matches,33.3
1028,Olivier Giroud,fr FRA,FW,Milan,it Serie A,35,1986,23.8,13,77.0,29,37.7,3.24,1.22,0.13,0.34,12.7,6,3,3,12.7,10.4,0.14,0.3,-0.4,Matches,37.7
1029,Serge Gnabry,de GER,"FW,MF",Bayern Munich,de Bundesliga,27,1995,21.6,14,81.0,40,49.4,3.76,1.85,0.16,0.33,15.5,1,1,1,11.2,10.4,0.13,2.8,2.6,Matches,49.4
1034,Aleksandr Golovin,ru RUS,"MF,FW",Monaco,fr Ligue 1,26,1996,27.4,8,49.0,25,51.0,1.79,0.91,0.16,0.32,19.0,2,0,0,5.3,5.3,0.11,2.7,2.7,Matches,51.0
1036,Angel Gomes,eng ENG,MF,Lille,fr Ligue 1,21,2000,31.3,2,55.0,17,30.9,1.76,0.54,0.02,0.06,23.2,4,1,1,4.6,3.8,0.07,-2.6,-2.8,Matches,30.9
1052,Nicolás González,ar ARG,"FW,MF",Fiorentina,it Serie A,24,1998,15.0,6,58.0,17,29.3,3.86,1.13,0.07,0.24,17.4,1,2,2,6.7,5.4,0.09,-0.7,-1.4,Matches,29.3
1059,Leon Goretzka,de GER,MF,Bayern Munich,de Bundesliga,27,1995,19.2,3,40.0,13,32.5,2.08,0.68,0.08,0.23,17.2,0,0,0,4.7,4.7,0.12,-1.7,-1.7,Matches,32.5
1064,Amine Gouiri,dz ALG,"FW,MF",Rennes,fr Ligue 1,22,2000,28.0,15,74.0,30,40.5,2.64,1.07,0.2,0.5,13.6,0,0,0,11.1,11.1,0.15,3.9,3.9,Matches,40.5
1072,Demarai Gray,jm JAM,"FW,MF",Everton,eng Premier League,26,1996,27.9,4,57.0,22,38.6,2.05,0.79,0.04,0.09,19.5,8,2,2,6.2,4.7,0.08,-2.2,-2.7,Matches,38.6
1075,Jack Grealish,eng ENG,FW,Manchester City,eng Premier League,26,1995,22.8,5,41.0,15,36.6,1.8,0.66,0.12,0.33,15.4,0,0,0,4.6,4.6,0.11,0.4,0.4,Matches,36.6
1077,Michael Gregoritsch,at AUT,FW,Freiburg,de Bundesliga,28,1994,23.9,10,67.0,38,56.7,2.8,1.59,0.15,0.26,14.6,1,0,0,10.0,10.0,0.15,0.0,0.0,Matches,56.7
1081,Antoine Griezmann,fr FRA,"FW,MF",Atlético Madrid,es La Liga,31,1991,31.8,15,111.0,44,39.6,3.49,1.39,0.14,0.34,17.6,5,0,0,12.3,12.3,0.11,2.7,2.7,Matches,39.6
1082,Vincenzo Grifo,it ITA,"MF,FW",Freiburg,de Bundesliga,29,1993,26.8,15,58.0,25,43.1,2.17,0.93,0.14,0.32,22.6,15,7,8,10.3,3.9,0.07,4.7,4.1,Matches,43.1
1085,Pascal Groß,de GER,"MF,DF",Brighton,eng Premier League,31,1991,36.0,9,39.0,19,48.7,1.08,0.53,0.23,0.47,17.4,1,0,0,5.4,5.4,0.14,3.6,3.6,Matches,48.7
1093,Nemanja Gudelj,rs SRB,"DF,MF",Sevilla,es La Liga,30,1991,30.9,3,38.0,9,23.7,1.23,0.29,0.08,0.33,25.8,3,0,0,1.7,1.7,0.05,1.3,1.3,Matches,23.7
1111,Serhou Guirassy,gn GUI,FW,Stuttgart,de Bundesliga,26,1996,18.3,11,47.0,18,38.3,2.57,0.98,0.19,0.5,15.7,4,2,2,10.8,9.2,0.2,0.2,-0.2,Matches,38.3
1115,Gerard Gumbau,es ESP,MF,Elche,es La Liga,27,1994,30.4,1,47.0,18,38.3,1.55,0.59,0.02,0.06,25.5,6,0,0,2.3,2.3,0.05,-1.3,-1.3,Matches,38.3
1117,İlkay Gündoğan,de GER,MF,Manchester City,eng Premier League,31,1990,26.1,8,53.0,20,37.7,2.03,0.76,0.15,0.4,18.1,5,0,1,7.5,6.7,0.13,0.5,1.3,Matches,37.7
1121,Gorka Guruzeta,es ESP,FW,Athletic Club,es La Liga,25,1996,15.8,6,51.0,17,33.3,3.23,1.08,0.12,0.35,12.7,2,0,0,6.1,6.1,0.12,-0.1,-0.1,Matches,33.3
1130,Erling Haaland,no NOR,FW,Manchester City,eng Premier League,22,2000,30.8,36,116.0,53,45.7,3.77,1.72,0.25,0.55,12.6,0,7,7,28.4,23.0,0.2,7.6,6.0,Matches,45.7
1154,Jack Harrison,eng ENG,"FW,MF",Leeds United,eng Premier League,25,1996,30.1,5,39.0,14,35.9,1.3,0.47,0.13,0.36,17.8,3,0,0,4.7,4.7,0.12,0.3,0.3,Matches,35.9
1159,Kai Havertz,de GER,"FW,MF",Chelsea,eng Premier League,23,1999,28.5,7,70.0,31,44.3,2.45,1.09,0.09,0.19,12.7,1,1,1,11.6,10.8,0.15,-4.6,-4.8,Matches,44.3
1166,Gauthier Hein,fr FRA,"MF,FW",Auxerre,fr Ligue 1,25,1996,20.8,2,38.0,10,26.3,1.82,0.48,0.05,0.2,19.3,2,0,0,3.9,3.9,0.1,-1.9,-1.9,Matches,26.3
1175,Luiz Henrique,br BRA,FW,Betis,es La Liga,21,2001,20.1,1,42.0,17,40.5,2.09,0.85,0.02,0.06,19.7,0,0,0,2.9,2.9,0.07,-1.9,-1.9,Matches,40.5
1186,Theo Hernández,fr FRA,DF,Milan,it Serie A,24,1997,30.8,4,51.0,11,21.6,1.66,0.36,0.06,0.27,23.1,5,1,1,4.1,3.3,0.06,-0.1,-0.3,Matches,21.6
1192,Son Heung-min,kr KOR,"MF,FW",Tottenham,eng Premier League,30,1992,32.1,10,81.0,38,46.9,2.52,1.18,0.12,0.26,18.3,5,0,0,10.1,10.1,0.12,-0.1,-0.1,Matches,46.9
1202,Jonas Hofmann,de GER,"FW,MF",Gladbach,de Bundesliga,30,1992,29.8,12,44.0,22,50.0,1.48,0.74,0.27,0.55,19.0,5,0,1,7.2,6.6,0.15,4.8,5.4,Matches,50.0
1203,Philipp Hofmann,de GER,FW,Bochum,de Bundesliga,29,1993,29.2,8,52.0,21,40.4,1.78,0.72,0.15,0.38,12.8,0,0,0,8.8,8.8,0.17,-0.8,-0.8,Matches,40.4
1212,Franck Honorat,fr FRA,"FW,MF",Brest,fr Ligue 1,25,1996,28.2,6,47.0,17,36.2,1.67,0.6,0.13,0.35,18.1,4,0,0,4.8,4.8,0.1,1.2,1.2,Matches,36.2
1223,Adrien Hunou,fr FRA,"MF,FW",Angers,fr Ligue 1,28,1994,24.8,4,45.0,18,40.0,1.81,0.73,0.09,0.22,13.2,0,0,0,6.5,6.5,0.14,-2.5,-2.5,Matches,40.0
1228,Rasmus Højlund,dk DEN,FW,Atalanta,it Serie A,19,2003,20.4,9,54.0,28,51.9,2.65,1.37,0.17,0.32,12.9,0,0,0,9.5,9.5,0.18,-0.5,-0.5,Matches,51.9
1234,Mounaim El Idrissy,fr FRA,FW,Ajaccio,fr Ligue 1,23,1999,27.7,6,50.0,19,38.0,1.8,0.68,0.12,0.32,14.6,0,0,0,7.2,7.2,0.14,-1.2,-1.2,Matches,38.0
1237,Borja Iglesias,es ESP,FW,Betis,es La Liga,29,1993,26.3,15,58.0,21,36.2,2.21,0.8,0.17,0.48,15.2,0,5,6,14.9,10.2,0.18,0.1,-0.2,Matches,36.2
1239,Kelechi Iheanacho,ng NGA,"FW,MF",Leicester City,eng Premier League,25,1996,12.5,5,38.0,13,34.2,3.03,1.04,0.11,0.31,17.1,0,1,1,7.1,6.3,0.17,-2.1,-2.3,Matches,34.2
1240,Jonathan Ikone,fr FRA,FW,Fiorentina,it Serie A,24,1998,22.3,4,51.0,9,17.6,2.29,0.4,0.08,0.44,16.6,0,0,0,4.1,4.1,0.08,-0.1,-0.1,Matches,17.6
1248,Ciro Immobile,it ITA,FW,Lazio,it Serie A,32,1990,24.7,12,72.0,30,41.7,2.92,1.22,0.11,0.27,15.0,0,4,5,14.2,10.3,0.14,-2.2,-2.3,Matches,41.7
1253,Alexander Isak,se SWE,FW,Newcastle Utd,eng Premier League,22,1999,16.9,10,49.0,23,46.9,2.9,1.36,0.16,0.35,15.0,0,2,2,8.2,6.7,0.14,1.8,1.3,Matches,46.9
1260,Junya Ito,jp JPN,FW,Reims,fr Ligue 1,29,1993,32.4,6,42.0,17,40.5,1.3,0.52,0.14,0.35,15.3,0,0,0,5.7,5.7,0.14,0.3,0.3,Matches,40.5
1265,Alex Iwobi,ng NGA,"MF,FW",Everton,eng Premier League,26,1996,37.5,2,42.0,15,35.7,1.12,0.4,0.05,0.13,21.0,0,0,0,2.5,2.5,0.06,-0.5,-0.5,Matches,35.7
1267,Nicolas Jackson,sn SEN,FW,Villarreal,es La Liga,21,2001,17.8,12,41.0,23,56.1,2.31,1.3,0.29,0.52,13.4,0,0,0,7.8,7.8,0.19,4.2,4.2,Matches,56.1
1283,Luis Javier Suárez,co COL,FW,Almería,es La Liga,24,1997,16.6,4,41.0,13,31.7,2.48,0.79,0.1,0.31,15.9,0,0,0,4.4,4.4,0.11,-0.4,-0.4,Matches,31.7
1292,Gabriel Jesus,br BRA,FW,Arsenal,eng Premier League,25,1997,22.9,11,76.0,31,40.8,3.31,1.35,0.13,0.32,10.6,0,1,1,14.0,13.2,0.18,-3.0,-3.2,Matches,40.8
1296,Joelinton,br BRA,"MF,FW",Newcastle Utd,eng Premier League,25,1996,29.6,6,51.0,19,37.3,1.72,0.64,0.12,0.32,14.6,0,0,0,7.1,7.1,0.14,-1.1,-1.1,Matches,37.3
1299,Brennan Johnson,wls WAL,"FW,MF",Nott'ham Forest,eng Premier League,21,2001,32.6,8,52.0,24,46.2,1.6,0.74,0.13,0.29,16.6,0,1,3,8.6,6.2,0.12,-0.6,0.8,Matches,46.2
1309,Joselu,es ESP,FW,Espanyol,es La Liga,32,1990,33.2,16,87.0,33,37.9,2.62,0.99,0.13,0.33,16.1,2,5,5,14.5,10.5,0.12,1.5,0.5,Matches,37.9
1313,Luka Jović,rs SRB,"FW,MF",Fiorentina,it Serie A,24,1997,17.0,6,56.0,19,33.9,3.29,1.11,0.11,0.32,13.3,0,0,1,7.9,7.1,0.13,-1.9,-1.1,Matches,33.9
1323,Vinicius Júnior,br BRA,FW,Real Madrid,es La Liga,22,2000,31.4,10,77.0,36,46.8,2.45,1.15,0.13,0.28,16.2,0,0,0,10.5,10.5,0.14,-0.5,-0.5,Matches,46.8
1334,Florian Kainz,at AUT,"MF,FW",Köln,de Bundesliga,29,1992,26.0,6,51.0,19,37.3,1.96,0.73,0.06,0.16,22.2,6,3,3,6.0,3.6,0.07,0.0,-0.6,Matches,37.3
1338,Arnaud Kalimuendo,fr FRA,FW,Rennes,fr Ligue 1,20,2002,20.5,7,43.0,21,48.8,2.09,1.02,0.16,0.33,14.0,0,0,0,7.5,7.5,0.18,-0.5,-0.5,Matches,48.8
1343,Daichi Kamada,jp JPN,MF,Eint Frankfurt,de Bundesliga,25,1996,25.2,9,41.0,11,26.8,1.63,0.44,0.15,0.55,16.6,4,3,3,9.9,7.5,0.18,-0.9,-1.5,Matches,26.8
1347,Jakub Kamiński,pl POL,"FW,DF",Wolfsburg,de Bundesliga,20,2002,22.9,4,39.0,14,35.9,1.71,0.61,0.1,0.29,15.9,0,0,0,5.0,4.8,0.12,-1.0,-0.8,Matches,35.9
1351,Harry Kane,eng ENG,FW,Tottenham,eng Premier League,29,1993,37.8,30,124.0,54,43.5,3.28,1.43,0.2,0.46,16.0,4,5,6,21.4,16.7,0.13,8.6,8.3,Matches,43.5
1352,Lee Kang-in,kr KOR,"MF,FW",Mallorca,es La Liga,21,2001,31.4,6,46.0,14,30.4,1.47,0.45,0.13,0.43,20.0,7,0,0,5.4,5.4,0.12,0.6,0.6,Matches,30.4
1364,Silas Katompa,cd COD,"FW,MF",Stuttgart,de Bundesliga,23,1998,22.1,5,42.0,16,38.1,1.9,0.72,0.1,0.25,16.1,0,1,1,6.5,5.7,0.14,-1.5,-1.7,Matches,38.1
1365,Moise Kean,it ITA,FW,Juventus,it Serie A,22,2000,11.1,6,38.0,14,36.8,3.44,1.27,0.16,0.43,14.4,0,0,0,6.3,6.3,0.16,-0.3,-0.3,Matches,36.8
1379,Saîf-Eddine Khaoui,tn TUN,MF,Clermont Foot,fr Ligue 1,27,1995,22.5,7,47.0,22,46.8,2.09,0.98,0.15,0.32,21.5,6,0,0,5.1,5.1,0.11,1.9,1.9,Matches,46.8
1380,Wahbi Khazri,tn TUN,"FW,MF",Montpellier,fr Ligue 1,31,1991,18.2,4,38.0,16,42.1,2.09,0.88,0.11,0.25,22.2,0,0,0,4.1,4.1,0.11,-0.1,-0.1,Matches,42.1
1383,Kiké,es ESP,FW,Osasuna,es La Liga,32,1989,11.3,2,41.0,11,26.8,3.61,0.97,0.02,0.09,16.4,0,1,1,4.4,3.6,0.09,-2.4,-2.6,Matches,26.8
1394,Justin Kluivert,nl NED,"FW,MF",Valencia,es La Liga,23,1999,16.1,6,43.0,15,34.9,2.67,0.93,0.12,0.33,18.1,2,1,1,6.6,5.9,0.14,-0.6,-0.9,Matches,34.9
1401,Dominik Kohr,de GER,MF,Mainz 05,de Bundesliga,28,1994,25.5,3,39.0,8,20.5,1.53,0.31,0.08,0.38,20.5,0,0,0,2.3,2.3,0.06,0.7,0.7,Matches,20.5
1405,Randal Kolo Muani,fr FRA,FW,Eint Frankfurt,de Bundesliga,23,1998,29.2,15,75.0,30,40.0,2.57,1.03,0.17,0.43,13.0,0,2,2,13.2,11.6,0.16,1.8,1.4,Matches,40.0
1414,Teun Koopmeiners,nl NED,MF,Atalanta,it Serie A,24,1998,31.8,10,55.0,23,41.8,1.73,0.72,0.15,0.35,21.9,6,2,4,7.6,4.3,0.08,2.4,3.7,Matches,41.8
1416,Filip Kostić,rs SRB,"DF,FW",Juventus,it Serie A,29,1992,28.5,3,37.0,11,29.7,1.3,0.39,0.08,0.27,19.6,0,0,0,2.4,2.4,0.06,0.6,0.6,Matches,29.7
1418,Christian Kouamé,ci CIV,FW,Fiorentina,it Serie A,24,1997,20.7,4,42.0,13,31.0,2.03,0.63,0.1,0.31,13.8,1,0,0,5.3,5.3,0.13,-1.3,-1.3,Matches,31.0
1430,Andrej Kramarić,hr CRO,"MF,FW",Hoffenheim,de Bundesliga,31,1991,26.5,12,57.0,21,36.8,2.15,0.79,0.14,0.38,18.0,4,4,6,13.2,8.5,0.15,-1.2,-0.5,Matches,36.8
1440,Takefusa Kubo,jp JPN,"FW,MF",Real Sociedad,es La Liga,21,2001,27.1,9,72.0,30,41.7,2.66,1.11,0.13,0.3,17.8,3,0,0,5.9,5.9,0.08,3.1,3.1,Matches,41.7
1441,Dejan Kulusevski,se SWE,"MF,FW",Tottenham,eng Premier League,22,2000,23.0,2,43.0,10,23.3,1.87,0.44,0.05,0.2,17.6,0,0,0,2.5,2.5,0.06,-0.5,-0.5,Matches,23.3
1447,Khvicha Kvaratskhelia,ge GEO,FW,Napoli,it Serie A,21,2001,28.0,12,83.0,30,36.1,2.97,1.07,0.12,0.33,19.1,3,2,2,8.2,6.6,0.08,3.8,3.4,Matches,36.1
1448,Grejohn Kyei,fr FRA,FW,Clermont Foot,fr Ligue 1,26,1995,24.8,10,54.0,19,35.2,2.18,0.77,0.11,0.32,17.5,0,4,6,11.7,7.0,0.13,-1.7,-1.0,Matches,35.2
1455,Gaëtan Laborde,fr FRA,FW,Nice,fr Ligue 1,28,1994,27.8,13,74.0,39,52.7,2.66,1.4,0.18,0.33,15.7,1,0,1,11.8,11.0,0.15,1.2,2.0,Matches,52.7
1457,Alexandre Lacazette,fr FRA,FW,Lyon,fr Ligue 1,31,1991,32.5,27,107.0,47,43.9,3.29,1.44,0.2,0.45,14.4,8,6,8,24.2,17.9,0.17,2.8,3.1,Matches,43.9
1467,Érik Lamela,ar ARG,"FW,MF",Sevilla,es La Liga,30,1992,20.5,6,47.0,23,48.9,2.29,1.12,0.13,0.26,15.0,2,0,0,5.3,5.3,0.11,0.7,0.7,Matches,48.9
1475,Cyle Larin,ca CAN,FW,Valladolid,es La Liga,27,1995,16.3,8,49.0,17,34.7,3.0,1.04,0.12,0.35,14.1,0,2,2,7.5,5.9,0.12,0.5,0.1,Matches,34.7
1479,Kevin Lasagna,it ITA,"FW,MF",Hellas Verona,it Serie A,29,1992,17.5,1,52.0,11,21.2,2.98,0.63,0.02,0.09,18.2,0,0,0,6.0,6.0,0.12,-5.0,-5.0,Matches,21.2
1484,Armand Lauriente,fr FRA,FW,Sassuolo,it Serie A,23,1998,24.2,7,55.0,21,38.2,2.28,0.87,0.11,0.29,20.4,10,1,1,4.7,3.9,0.07,2.3,2.1,Matches,38.2
1490,Darko Lazović,rs SRB,"MF,DF",Hellas Verona,it Serie A,31,1990,24.9,4,43.0,14,32.6,1.73,0.56,0.09,0.29,18.8,4,0,0,3.6,3.6,0.08,0.4,0.4,Matches,32.6
1494,Jérémy Le Douaron,fr FRA,"MF,FW",Brest,fr Ligue 1,24,1998,23.0,10,55.0,23,41.8,2.39,1.0,0.18,0.43,11.1,0,0,0,8.4,8.4,0.16,1.6,1.6,Matches,41.8
1495,Enzo Le Fée,fr FRA,MF,Lorient,fr Ligue 1,22,2000,33.6,5,45.0,18,40.0,1.34,0.54,0.11,0.28,23.4,8,0,0,3.5,3.5,0.08,1.5,1.5,Matches,40.0
1499,Rafael Leão,pt POR,"FW,MF",Milan,it Serie A,23,1999,26.9,15,92.0,29,31.5,3.42,1.08,0.16,0.52,17.9,0,0,0,10.8,10.8,0.12,4.2,4.2,Matches,31.5
1505,Pierre Lees-Melou,fr FRA,MF,Brest,fr Ligue 1,29,1993,30.7,5,43.0,13,30.2,1.4,0.42,0.12,0.38,23.8,2,0,0,2.1,2.1,0.05,2.9,2.9,Matches,30.2
1508,Florian Lejeune,fr FRA,DF,Rayo Vallecano,es La Liga,31,1991,28.5,4,41.0,14,34.1,1.44,0.49,0.1,0.29,28.0,18,0,0,2.8,2.8,0.07,1.2,1.2,Matches,34.1
1528,Robert Lewandowski,pl POL,FW,Barcelona,es La Liga,33,1988,31.6,23,134.0,56,41.8,4.24,1.77,0.17,0.41,13.8,5,0,1,24.3,23.5,0.18,-1.3,-0.5,Matches,41.8
1538,Jesper Lindstrøm,dk DEN,"MF,FW",Eint Frankfurt,de Bundesliga,22,2000,18.7,7,45.0,19,42.2,2.41,1.02,0.16,0.37,18.3,4,0,0,5.9,5.9,0.13,1.1,1.1,Matches,42.2
1541,Samuel Lino,br BRA,"FW,MF",Valencia,es La Liga,22,1999,32.1,6,96.0,33,34.4,2.99,1.03,0.06,0.18,17.9,0,0,0,7.8,7.7,0.08,-1.8,-1.7,Matches,34.4
1561,Ademola Lookman,ng NGA,"FW,MF",Atalanta,it Serie A,24,1997,19.2,13,49.0,23,46.9,2.55,1.2,0.2,0.43,15.8,1,3,3,9.1,6.7,0.14,3.9,3.3,Matches,46.9
1563,Rony Lopes,pt POR,"MF,FW",Troyes,fr Ligue 1,26,1995,26.1,7,57.0,20,35.1,2.19,0.77,0.12,0.35,19.3,5,0,0,4.9,4.9,0.09,2.1,2.1,Matches,35.1
1575,Sandi Lovrić,si SVN,MF,Udinese,it Serie A,24,1998,25.9,5,71.0,18,25.4,2.74,0.69,0.07,0.28,22.3,4,0,0,4.8,4.8,0.07,0.2,0.2,Matches,25.4
1578,Hirving Lozano,mx MEX,FW,Napoli,it Serie A,27,1995,17.8,3,41.0,13,31.7,2.3,0.73,0.05,0.15,18.5,0,1,1,5.4,4.6,0.11,-2.4,-2.6,Matches,31.7
1583,José Luis Morales,es ESP,"FW,MF",Villarreal,es La Liga,35,1987,13.5,7,41.0,21,51.2,3.05,1.56,0.17,0.33,14.7,0,0,0,6.5,6.5,0.17,0.5,0.5,Matches,51.2
1586,Romelu Lukaku,be BEL,FW,Inter,it Serie A,29,1993,18.4,10,49.0,20,40.8,2.66,1.08,0.16,0.4,15.0,0,2,2,9.0,7.4,0.15,1.0,0.6,Matches,40.8
1588,Dodi Lukebakio,be BEL,"FW,MF",Hertha BSC,de Bundesliga,24,1997,26.6,11,59.0,22,37.3,2.22,0.83,0.1,0.27,20.3,1,5,5,8.6,4.7,0.08,2.4,1.3,Matches,37.3
1598,Alexis Mac Allister,ar ARG,MF,Brighton,eng Premier League,23,1998,32.1,10,80.0,28,35.0,2.49,0.87,0.05,0.14,22.5,8,6,6,12.1,7.3,0.09,-2.1,-3.3,Matches,35.0
1601,James Maddison,eng ENG,"MF,FW",Leicester City,eng Premier League,25,1996,27.6,10,83.0,27,32.5,3.01,0.98,0.11,0.33,21.1,13,1,2,8.7,6.6,0.08,1.3,2.4,Matches,32.5
1613,Riyad Mahrez,dz ALG,"FW,MF",Manchester City,eng Premier League,31,1991,21.3,5,42.0,12,28.6,1.97,0.56,0.1,0.33,17.2,7,1,1,5.6,4.8,0.11,-0.6,-0.8,Matches,28.6
1630,Donyell Malen,nl NED,FW,Dortmund,de Bundesliga,23,1999,19.0,9,64.0,30,46.9,3.38,1.58,0.14,0.3,15.9,3,0,0,9.1,9.1,0.15,-0.1,-0.1,Matches,46.9
1641,Rolando Mandragora,it ITA,MF,Fiorentina,it Serie A,25,1997,21.7,2,37.0,5,13.5,1.71,0.23,0.05,0.4,22.9,2,0,0,1.5,1.5,0.04,0.5,0.5,Matches,13.5
1642,Sadio Mané,sn SEN,"FW,MF",Bayern Munich,de Bundesliga,30,1992,15.8,7,53.0,20,37.7,3.35,1.26,0.11,0.3,12.8,0,1,2,8.9,7.2,0.14,-1.9,-1.2,Matches,37.7
1652,Solly March,eng ENG,"FW,DF",Brighton,eng Premier League,28,1994,30.2,7,74.0,31,41.9,2.45,1.03,0.09,0.23,16.2,1,0,0,8.1,8.1,0.11,-1.1,-1.1,Matches,41.9
1655,Vincent Marchetti,fr FRA,MF,Ajaccio,fr Ligue 1,25,1997,27.2,0,37.0,9,24.3,1.36,0.33,0.0,0.0,22.8,1,0,0,2.3,2.3,0.06,-2.3,-2.3,Matches,24.3
1670,Omar Marmoush,eg EGY,FW,Wolfsburg,de Bundesliga,23,1999,16.4,5,48.0,16,33.3,2.93,0.98,0.1,0.31,15.0,1,0,0,6.1,6.1,0.13,-1.1,-1.1,Matches,33.3
1684,Gabriel Martinelli,br BRA,FW,Arsenal,eng Premier League,21,2001,31.0,15,79.0,30,38.0,2.55,0.97,0.19,0.5,15.4,2,0,0,9.1,9.1,0.12,5.9,5.9,Matches,38.0
1688,Lautaro Martínez,ar ARG,FW,Inter,it Serie A,24,1997,28.6,21,125.0,51,40.8,4.37,1.78,0.16,0.39,15.1,0,1,2,18.1,16.5,0.14,2.9,3.5,Matches,40.8
1713,Stephy Mavididi,eng ENG,FW,Montpellier,fr Ligue 1,24,1998,14.3,4,37.0,15,40.5,2.59,1.05,0.11,0.27,16.8,0,0,0,4.3,4.3,0.12,-0.3,-0.3,Matches,40.5
1714,Konstantinos Mavropanos,gr GRE,DF,Stuttgart,de Bundesliga,24,1997,25.4,2,48.0,12,25.0,1.89,0.47,0.04,0.17,15.5,0,0,0,4.0,4.0,0.08,-2.0,-2.0,Matches,25.0
1721,Borja Mayoral,es ESP,FW,Getafe,es La Liga,25,1997,30.7,8,50.0,19,38.0,1.63,0.62,0.16,0.42,14.6,0,0,2,7.9,6.3,0.13,0.1,1.7,Matches,38.0
1728,Kylian Mbappé,fr FRA,FW,Paris S-G,fr Ligue 1,23,1998,31.3,29,144.0,73,50.7,4.6,2.33,0.18,0.36,15.9,1,3,5,26.3,22.2,0.15,2.7,3.8,Matches,50.7
1731,Bryan Mbeumo,cm CMR,FW,Brentford,eng Premier League,22,1999,32.3,9,70.0,32,45.7,2.17,0.99,0.11,0.25,16.3,1,1,1,9.6,8.8,0.13,-0.6,-0.8,Matches,45.7
1738,John McGinn,sct SCO,"MF,FW",Aston Villa,eng Premier League,27,1994,29.9,1,42.0,11,26.2,1.4,0.37,0.02,0.09,23.6,0,0,0,2.4,2.4,0.06,-1.4,-1.4,Matches,26.2
1742,Dwight McNeil,eng ENG,"FW,MF",Everton,eng Premier League,22,1999,27.8,7,46.0,15,32.6,1.66,0.54,0.15,0.47,20.5,1,0,0,3.5,3.5,0.08,3.5,3.5,Matches,32.6
1759,Brais Méndez,es ESP,MF,Real Sociedad,es La Liga,25,1997,26.7,8,60.0,21,35.0,2.24,0.79,0.13,0.38,21.4,9,0,0,5.6,5.6,0.09,2.4,2.4,Matches,35.0
1771,Mikel Merino,es ESP,MF,Real Sociedad,es La Liga,26,1996,27.7,2,41.0,16,39.0,1.48,0.58,0.05,0.13,18.1,0,0,1,4.4,3.6,0.09,-2.4,-1.6,Matches,39.0
1776,Lionel Messi,ar ARG,"FW,MF",Paris S-G,fr Ligue 1,35,1987,31.5,16,129.0,55,42.6,4.09,1.74,0.12,0.29,18.3,20,0,0,15.5,15.5,0.12,0.5,0.5,Matches,42.6
1786,Arkadiusz Milik,pl POL,FW,Juventus,it Serie A,28,1994,17.6,7,43.0,22,51.2,2.44,1.25,0.16,0.32,14.2,2,0,1,6.5,5.7,0.13,0.5,1.3,Matches,51.2
1788,Sergej Milinković-Savić,rs SRB,MF,Lazio,it Serie A,27,1995,33.6,9,64.0,19,29.7,1.91,0.57,0.14,0.47,17.3,8,0,0,6.8,6.8,0.11,2.2,2.2,Matches,29.7
1802,Rafa Mir,es ESP,FW,Sevilla,es La Liga,25,1997,14.4,6,50.0,15,30.0,3.47,1.04,0.12,0.4,12.5,0,0,0,7.4,7.4,0.15,-1.4,-1.4,Matches,30.0
1803,Aleksei Miranchuk,ru RUS,MF,Torino,it Serie A,26,1995,23.2,4,40.0,15,37.5,1.72,0.65,0.1,0.27,20.2,1,0,0,2.9,2.9,0.07,1.1,1.1,Matches,37.5
1809,Kaoru Mitoma,jp JPN,"FW,MF",Brighton,eng Premier League,25,1997,25.8,7,52.0,21,40.4,2.02,0.82,0.13,0.33,13.2,0,0,0,8.1,8.1,0.16,-1.1,-1.1,Matches,40.4
1810,Aleksandar Mitrović,rs SRB,FW,Fulham,eng Premier League,27,1994,22.3,14,85.0,27,31.8,3.81,1.21,0.12,0.37,15.1,0,4,8,14.9,8.6,0.1,-0.9,1.4,Matches,31.8
1816,Terem Moffi,ng NGA,FW,Nice,fr Ligue 1,23,1999,14.8,6,44.0,18,40.9,2.98,1.22,0.14,0.33,14.9,0,0,0,8.3,8.3,0.19,-2.3,-2.3,Matches,40.9
1818,Mostafa Mohamed,eg EGY,FW,Nantes,fr Ligue 1,24,1997,21.5,8,58.0,24,41.4,2.69,1.11,0.14,0.33,14.2,0,0,0,7.3,7.3,0.13,0.7,0.7,Matches,41.4
1828,Monchu,es ESP,MF,Valladolid,es La Liga,22,1999,22.6,3,39.0,10,25.6,1.73,0.44,0.08,0.3,24.4,9,0,0,2.4,2.4,0.06,0.6,0.6,Matches,25.6
1836,Álvaro Morata,es ESP,FW,Atlético Madrid,es La Liga,29,1992,21.1,13,71.0,32,45.1,3.36,1.52,0.18,0.41,12.2,0,0,0,11.9,11.9,0.17,1.1,1.1,Matches,45.1
1842,Gerard Moreno,es ESP,FW,Villarreal,es La Liga,30,1992,13.7,7,41.0,19,46.3,3.0,1.39,0.15,0.32,15.8,0,1,2,9.0,7.5,0.19,-2.0,-1.5,Matches,46.3
1844,Tete Morente,es ESP,"MF,DF",Elche,es La Liga,25,1996,23.0,4,46.0,14,30.4,2.0,0.61,0.09,0.29,16.1,0,0,0,4.2,4.2,0.09,-0.2,-0.2,Matches,30.4
1854,Steve Mounié,bj BEN,FW,Brest,fr Ligue 1,27,1994,18.4,6,58.0,19,32.8,3.15,1.03,0.09,0.26,14.9,0,1,1,7.3,6.5,0.12,-1.3,-1.5,Matches,32.8
1867,Thomas Müller,de GER,"FW,MF",Bayern Munich,de Bundesliga,32,1989,18.5,7,47.0,23,48.9,2.54,1.24,0.15,0.3,12.5,0,0,0,8.9,8.9,0.19,-1.9,-1.9,Matches,48.9
1869,Marshall Munetsi,zw ZIM,MF,Reims,fr Ligue 1,26,1996,30.0,7,68.0,23,33.8,2.27,0.77,0.1,0.3,16.1,0,0,0,9.4,9.4,0.14,-2.4,-2.4,Matches,33.8
1877,Vedat Muriqi,xk KVX,FW,Mallorca,es La Liga,28,1994,32.6,15,71.0,25,35.2,2.18,0.77,0.15,0.44,15.3,0,4,5,12.5,8.6,0.12,2.5,2.4,Matches,35.2
1881,Jamal Musiala,de GER,"MF,FW",Bayern Munich,de Bundesliga,19,2003,24.4,12,66.0,25,37.9,2.7,1.02,0.18,0.48,15.8,0,0,0,8.0,8.0,0.12,4.0,4.0,Matches,37.9
1914,Rúben Neves,pt POR,MF,Wolves,eng Premier League,25,1997,33.5,6,63.0,13,20.6,1.88,0.39,0.05,0.23,26.7,11,3,3,5.2,2.8,0.04,0.8,0.2,Matches,20.6
1930,Eddie Nketiah,eng ENG,FW,Arsenal,eng Premier League,23,1999,12.1,4,41.0,14,34.1,3.39,1.16,0.1,0.29,11.3,0,0,0,8.2,8.2,0.2,-4.2,-4.2,Matches,34.1
1931,Christopher Nkunku,fr FRA,"FW,MF",RB Leipzig,de Bundesliga,24,1997,21.1,16,70.0,25,35.7,3.32,1.19,0.19,0.52,15.9,7,3,4,14.4,11.3,0.16,1.6,1.7,Matches,35.7
1932,Felix Nmecha,de GER,MF,Wolfsburg,de Bundesliga,21,2000,20.4,3,37.0,9,24.3,1.81,0.44,0.08,0.33,17.1,0,0,0,2.7,2.7,0.07,0.3,0.3,Matches,24.3
1934,Arnaud Nordin,fr FRA,FW,Montpellier,fr Ligue 1,24,1998,26.7,9,59.0,24,40.7,2.21,0.9,0.15,0.38,16.1,0,0,0,6.5,6.5,0.11,2.5,2.5,Matches,40.7
1942,Darwin Núñez,uy URU,FW,Liverpool,eng Premier League,23,1999,18.8,9,84.0,35,41.7,4.46,1.86,0.11,0.26,15.1,0,0,0,11.6,11.6,0.14,-2.6,-2.6,Matches,41.7
1949,M'Bala Nzola,ao ANG,FW,Spezia,it Serie A,25,1996,29.5,13,60.0,20,33.3,2.04,0.68,0.17,0.5,14.9,0,3,3,11.0,8.6,0.14,2.0,1.4,Matches,33.3
1964,David Okereke,ng NGA,"FW,MF",Cremonese,it Serie A,24,1997,25.2,7,60.0,20,33.3,2.38,0.79,0.1,0.3,17.2,0,1,1,5.9,5.2,0.09,1.1,0.8,Matches,33.3
1970,Michael Olise,fr FRA,"FW,MF",Crystal Palace,eng Premier League,20,2001,30.5,2,51.0,14,27.5,1.67,0.46,0.04,0.14,21.1,7,0,0,2.9,2.9,0.06,-0.9,-0.9,Matches,27.5
1974,Dani Olmo,es ESP,"MF,FW",RB Leipzig,de Bundesliga,24,1998,14.2,2,43.0,16,37.2,3.02,1.12,0.05,0.13,21.6,0,0,0,2.9,2.9,0.07,-0.9,-0.9,Matches,37.2
1984,Karim Onisiwo,at AUT,"FW,MF",Mainz 05,de Bundesliga,30,1992,28.2,10,68.0,32,47.1,2.41,1.13,0.15,0.31,15.6,0,0,0,8.2,8.2,0.12,1.8,1.8,Matches,47.1
1988,Loïs Openda,be BEL,FW,Lens,fr Ligue 1,22,2000,28.0,21,103.0,49,47.6,3.68,1.75,0.19,0.41,13.1,0,1,1,18.4,17.6,0.17,2.6,2.4,Matches,47.6
1994,Riccardo Orsolini,it ITA,FW,Bologna,it Serie A,25,1997,23.6,11,89.0,27,30.3,3.77,1.14,0.09,0.3,20.8,8,3,3,10.5,8.1,0.09,0.5,-0.1,Matches,30.3
1998,Victor Osimhen,ng NGA,FW,Napoli,it Serie A,23,1998,28.5,26,132.0,52,39.4,4.63,1.82,0.18,0.46,12.8,1,2,3,21.3,18.9,0.14,4.7,5.1,Matches,39.4
2002,Dango Ouattara,bf BFA,"FW,MF",Lorient,fr Ligue 1,20,2002,17.2,6,52.0,17,32.7,3.02,0.99,0.12,0.35,16.6,4,0,0,5.2,5.2,0.1,0.8,0.8,Matches,32.7
2003,Remi Oudin,fr FRA,"FW,MF",Lecce,it Serie A,25,1996,14.7,3,38.0,13,34.2,2.59,0.89,0.08,0.23,22.6,3,0,0,2.0,2.0,0.05,1.0,1.0,Matches,34.2
2025,Isaac Palazón Camacho,es ESP,"FW,MF",Rayo Vallecano,es La Liga,27,1994,32.9,9,91.0,22,24.2,2.76,0.67,0.09,0.36,24.6,3,1,3,7.7,5.3,0.06,1.3,2.7,Matches,24.2
2026,João Palhinha,pt POR,MF,Fulham,eng Premier League,27,1995,34.5,3,39.0,9,23.1,1.13,0.26,0.08,0.33,17.2,0,0,0,2.9,2.9,0.07,0.1,0.1,Matches,23.1
2034,Lucas Paquetá,br BRA,MF,West Ham,eng Premier League,24,1997,23.9,4,52.0,14,26.9,2.18,0.59,0.06,0.21,19.2,1,1,1,4.4,3.6,0.07,-0.4,-0.6,Matches,26.9
2063,Pedro,es ESP,FW,Lazio,it Serie A,35,1987,21.1,4,42.0,16,38.1,1.99,0.76,0.1,0.25,19.3,0,0,0,3.4,3.4,0.08,0.6,0.6,Matches,38.1
2070,Lorenzo Pellegrini,it ITA,MF,Roma,it Serie A,26,1996,28.3,4,62.0,17,27.4,2.19,0.6,0.03,0.12,21.5,9,2,3,8.0,5.7,0.09,-4.0,-3.7,Matches,27.4
2079,Nicolas Pépé,ci CIV,"FW,MF",Nice,fr Ligue 1,27,1995,16.6,6,46.0,17,37.0,2.77,1.02,0.07,0.18,17.6,2,3,3,8.1,5.8,0.13,-2.1,-2.8,Matches,37.0
2084,Andreas Pereira,br BRA,MF,Fulham,eng Premier League,26,1996,29.9,4,61.0,22,36.1,2.04,0.74,0.05,0.14,21.3,12,1,1,7.3,6.5,0.11,-3.3,-3.5,Matches,36.1
2089,Roberto Pereyra,ar ARG,"DF,MF",Udinese,it Serie A,31,1991,31.3,5,41.0,16,39.0,1.31,0.51,0.12,0.31,17.0,1,0,1,4.7,3.9,0.1,0.3,1.1,Matches,39.0
2092,Carles Pérez,es ESP,"MF,FW",Celta Vigo,es La Liga,24,1998,23.8,3,54.0,20,37.0,2.27,0.84,0.06,0.15,21.8,0,0,0,2.7,2.7,0.05,0.3,0.3,Matches,37.0
2094,Kike Pérez,es ESP,MF,Valladolid,es La Liga,25,1997,25.6,1,46.0,10,21.7,1.79,0.39,0.02,0.1,22.6,1,0,0,2.3,2.3,0.05,-1.3,-1.3,Matches,21.7
2118,Krzysztof Piątek,pl POL,FW,Salernitana,it Serie A,27,1995,23.8,4,57.0,19,33.3,2.4,0.8,0.05,0.16,15.5,1,1,1,8.3,7.6,0.13,-4.3,-4.6,Matches,33.3
2126,Andrea Pinamonti,it ITA,FW,Sassuolo,it Serie A,23,1999,24.0,5,66.0,21,31.8,2.75,0.87,0.06,0.19,15.3,0,1,1,7.1,6.3,0.1,-2.1,-2.3,Matches,31.8
2128,Yeremi Pino,es ESP,"FW,MF",Villarreal,es La Liga,19,2002,27.2,4,50.0,19,38.0,1.84,0.7,0.08,0.21,13.2,0,0,0,8.0,8.0,0.16,-4.0,-4.0,Matches,38.0
2134,Gonzalo Plata,ec ECU,FW,Valladolid,es La Liga,21,2000,25.6,1,37.0,13,35.1,1.45,0.51,0.03,0.08,17.5,1,0,0,3.7,3.7,0.1,-2.7,-2.7,Matches,35.1
2138,Daniel Podence,pt POR,"FW,MF",Wolves,eng Premier League,26,1995,19.7,6,43.0,17,39.5,2.19,0.86,0.14,0.35,16.5,0,0,0,3.9,3.9,0.09,2.1,2.1,Matches,39.5
2164,Javi Puado,es ESP,"FW,MF",Espanyol,es La Liga,24,1998,26.0,7,57.0,23,40.4,2.19,0.88,0.12,0.3,14.2,0,0,0,7.8,7.8,0.14,-0.8,-0.8,Matches,40.4
2178,Adrien Rabiot,fr FRA,MF,Juventus,it Serie A,27,1995,30.5,8,48.0,22,45.8,1.57,0.72,0.17,0.36,16.4,0,0,0,6.2,5.8,0.13,1.8,2.2,Matches,45.8
2179,Nemanja Radonjić,rs SRB,"MF,FW",Torino,it Serie A,26,1996,16.2,2,52.0,17,32.7,3.2,1.05,0.04,0.12,17.5,0,0,0,5.0,5.0,0.1,-3.0,-3.0,Matches,32.7
2189,Largie Ramazani,be BEL,"FW,MF",Almería,es La Liga,21,2001,15.6,3,40.0,18,45.0,2.57,1.15,0.08,0.17,19.8,1,0,1,4.2,3.4,0.08,-1.2,-0.4,Matches,45.0
2201,Raphinha,br BRA,FW,Barcelona,es La Liga,25,1996,23.0,7,79.0,25,31.6,3.43,1.09,0.09,0.28,18.5,11,0,0,9.3,9.3,0.12,-2.3,-2.3,Matches,31.6
2204,Marcus Rashford,eng ENG,FW,Manchester Utd,eng Premier League,24,1997,32.0,17,108.0,49,45.4,3.38,1.53,0.16,0.35,16.4,7,0,0,15.4,15.4,0.15,1.6,1.6,Matches,45.4
2206,Giacomo Raspadori,it ITA,"FW,MF",Napoli,it Serie A,22,2000,10.1,2,41.0,16,39.0,4.05,1.58,0.05,0.13,17.1,3,0,0,3.5,3.5,0.09,-1.5,-1.5,Matches,39.0
2239,Marco Richter,de GER,"MF,FW",Hertha BSC,de Bundesliga,24,1997,20.4,6,49.0,15,30.6,2.4,0.74,0.12,0.4,22.3,4,0,0,3.7,3.7,0.08,2.3,2.3,Matches,30.6
2245,Renaud Ripart,fr FRA,"FW,MF",Troyes,fr Ligue 1,29,1993,14.7,4,39.0,14,35.9,2.66,0.95,0.1,0.29,16.0,0,0,0,3.5,3.5,0.09,0.5,0.5,Matches,35.9
2246,Rodrigo Riquelme,es ESP,"MF,FW",Girona,es La Liga,22,2000,24.2,4,56.0,22,39.3,2.31,0.91,0.07,0.18,20.0,2,0,0,4.0,4.0,0.07,0.0,0.0,Matches,39.3
2249,Lucas Robertone,ar ARG,MF,Almería,es La Liga,25,1997,31.6,2,37.0,7,18.9,1.17,0.22,0.05,0.29,25.4,4,0,0,2.6,2.6,0.07,-0.6,-0.6,Matches,18.9
2259,Rodri,es ESP,MF,Manchester City,eng Premier League,26,1996,32.3,2,50.0,14,28.0,1.55,0.43,0.04,0.14,17.1,0,0,0,4.6,4.6,0.09,-2.6,-2.6,Matches,28.0
2261,Rodrigo,es ESP,"FW,MF",Leeds United,eng Premier League,31,1991,21.5,13,66.0,25,37.9,3.07,1.16,0.18,0.48,15.8,2,1,1,8.0,7.2,0.11,5.0,4.8,Matches,37.9
2263,Óscar Rodríguez Arnaiz,es ESP,MF,Celta Vigo,es La Liga,24,1998,19.7,2,43.0,17,39.5,2.18,0.86,0.05,0.12,24.6,10,0,0,3.6,3.6,0.08,-1.6,-1.6,Matches,39.5
2269,Rodrygo,br BRA,"FW,MF",Real Madrid,es La Liga,21,2001,26.4,9,97.0,31,32.0,3.67,1.17,0.08,0.26,16.6,8,1,1,13.7,12.9,0.13,-4.7,-4.9,Matches,32.0
2332,Bukayo Saka,eng ENG,FW,Arsenal,eng Premier League,20,2001,35.3,14,86.0,29,33.7,2.43,0.82,0.14,0.41,16.3,1,2,3,11.2,9.1,0.11,2.8,2.9,Matches,33.7
2337,Mohamed Salah,eg EGY,FW,Liverpool,eng Premier League,30,1992,36.6,19,121.0,45,37.2,3.31,1.23,0.14,0.38,15.1,2,2,4,21.6,18.5,0.15,-2.6,-1.5,Matches,37.2
2346,Lazar Samardzic,rs SRB,MF,Udinese,it Serie A,20,2002,20.5,5,50.0,18,36.0,2.44,0.88,0.1,0.28,25.7,7,0,0,2.4,2.4,0.05,2.6,2.6,Matches,36.0
2348,Mama Samba Baldé,gw GNB,FW,Troyes,fr Ligue 1,26,1995,29.6,12,73.0,24,32.9,2.47,0.81,0.14,0.42,17.1,0,2,2,10.6,9.1,0.12,1.4,0.9,Matches,32.9
2354,Antonio Sanabria,py PAR,FW,Torino,it Serie A,26,1996,27.0,12,67.0,24,35.8,2.48,0.89,0.16,0.46,13.5,0,1,1,9.3,8.5,0.13,2.7,2.5,Matches,35.8
2356,Oihan Sancet,es ESP,MF,Athletic Club,es La Liga,22,2000,28.1,10,56.0,19,33.9,1.99,0.68,0.14,0.42,17.6,0,2,2,7.6,6.0,0.11,2.4,2.0,Matches,33.9
2358,Alexis Sánchez,cl CHI,"FW,MF",Marseille,fr Ligue 1,33,1988,29.8,14,63.0,29,46.0,2.12,0.97,0.19,0.41,15.2,5,2,3,12.6,10.2,0.17,1.4,1.8,Matches,46.0
2367,Leroy Sané,de GER,"MF,FW",Bayern Munich,de Bundesliga,26,1996,22.3,8,78.0,29,37.2,3.49,1.3,0.1,0.28,19.7,6,0,0,8.5,8.5,0.11,-0.5,-0.5,Matches,37.2
2373,Riccardo Saponara,it ITA,FW,Fiorentina,it Serie A,30,1991,13.4,4,37.0,13,35.1,2.76,0.97,0.11,0.31,19.4,0,0,0,2.8,2.8,0.08,1.2,1.2,Matches,35.1
2382,Martin Satriano,uy URU,FW,Empoli,it Serie A,21,2001,18.9,2,38.0,10,26.3,2.01,0.53,0.05,0.2,15.3,0,0,0,3.9,3.9,0.1,-1.9,-1.9,Matches,26.3
2383,Téji Savanier,fr FRA,MF,Montpellier,fr Ligue 1,30,1991,28.3,12,58.0,24,41.4,2.05,0.85,0.1,0.25,27.0,19,6,6,8.6,3.8,0.07,3.4,2.2,Matches,41.4
2393,Fabian Schär,ch SUI,DF,Newcastle Utd,eng Premier League,30,1991,35.6,1,56.0,14,25.0,1.57,0.39,0.02,0.07,14.4,3,0,0,4.9,4.9,0.09,-3.9,-3.9,Matches,25.0
2433,Stephan El Shaarawy,it ITA,"DF,MF",Roma,it Serie A,29,1992,16.9,7,42.0,19,45.2,2.48,1.12,0.17,0.37,19.2,0,0,0,5.5,5.5,0.13,1.5,1.5,Matches,45.2
2443,André Silva,pt POR,FW,RB Leipzig,de Bundesliga,26,1995,19.3,4,60.0,22,36.7,3.11,1.14,0.07,0.18,13.5,0,0,0,9.2,9.2,0.15,-5.2,-5.2,Matches,36.7
2450,Abdallah Sima,sn SEN,FW,Angers,fr Ligue 1,21,2001,20.4,5,39.0,10,25.6,1.91,0.49,0.13,0.5,12.7,0,0,0,4.8,4.8,0.12,0.2,0.2,Matches,25.6
2457,Lassine Sinayoko,ml MLI,"MF,FW",Auxerre,fr Ligue 1,22,1999,17.4,1,42.0,13,31.0,2.41,0.75,0.02,0.08,17.3,0,0,0,3.2,3.2,0.08,-2.2,-2.2,Matches,31.0
2472,Robert Skov,dk DEN,DF,Hoffenheim,de Bundesliga,26,1996,15.0,3,39.0,12,30.8,2.6,0.8,0.03,0.08,22.5,8,2,2,3.4,1.8,0.05,-0.4,-0.8,Matches,30.8
2486,Dominic Solanke,eng ENG,"FW,MF",Bournemouth,eng Premier League,24,1997,31.8,6,76.0,28,36.8,2.39,0.88,0.08,0.21,12.8,0,0,0,9.1,9.1,0.12,-3.1,-3.1,Matches,36.8
2503,Florian Sotoca,fr FRA,"MF,FW",Lens,fr Ligue 1,31,1990,33.9,7,86.0,29,33.7,2.53,0.85,0.07,0.21,15.6,0,1,3,10.5,8.1,0.09,-3.5,-2.1,Matches,33.7
2536,Raheem Sterling,eng ENG,"FW,MF",Chelsea,eng Premier League,27,1994,21.0,6,42.0,16,38.1,2.0,0.76,0.14,0.38,13.6,0,0,0,6.2,6.2,0.15,-0.2,-0.2,Matches,38.1
2538,Lars Stindl,de GER,"FW,MF",Gladbach,de Bundesliga,33,1988,19.3,8,50.0,22,44.0,2.6,1.14,0.16,0.36,20.7,3,0,0,5.0,5.0,0.1,3.0,3.0,Matches,44.0
2539,Kevin Stöger,at AUT,MF,Bochum,de Bundesliga,28,1993,28.9,5,45.0,11,24.4,1.56,0.38,0.04,0.18,25.8,7,3,3,4.4,2.1,0.05,0.6,-0.1,Matches,24.4
2542,Jørgen Strand Larsen,no NOR,FW,Celta Vigo,es La Liga,22,2000,18.9,4,41.0,15,36.6,2.16,0.79,0.1,0.27,12.6,0,0,0,5.6,5.6,0.14,-1.6,-1.6,Matches,36.6
2544,Gabriel Strefezza,br BRA,"FW,MF",Lecce,it Serie A,25,1997,27.1,8,68.0,18,26.5,2.51,0.66,0.09,0.33,21.4,4,2,3,6.2,3.9,0.06,1.8,2.1,Matches,26.5
2568,Dominik Szoboszlai,hu HUN,"MF,FW",RB Leipzig,de Bundesliga,21,2000,27.2,6,58.0,28,48.3,2.14,1.03,0.09,0.18,23.2,9,1,1,5.5,4.7,0.08,0.5,0.3,Matches,48.3
2569,Alexander Sørloth,no NOR,FW,Real Sociedad,es La Liga,26,1995,26.5,12,63.0,27,42.9,2.38,1.02,0.19,0.44,11.3,0,0,0,12.7,12.7,0.2,-0.7,-0.7,Matches,42.9
2587,Nuno Tavares,pt POR,"DF,MF",Marseille,fr Ligue 1,22,2000,26.1,6,65.0,17,26.2,2.49,0.65,0.09,0.35,19.4,0,0,0,4.5,4.5,0.07,1.5,1.5,Matches,26.2
2588,Marcus Tavernier,eng ENG,"MF,FW",Bournemouth,eng Premier League,23,1999,19.4,5,37.0,14,37.8,1.91,0.72,0.14,0.36,17.3,2,0,0,3.1,3.1,0.08,1.9,1.9,Matches,37.8
2590,Aurélien Tchouaméni,fr FRA,MF,Real Madrid,es La Liga,22,2000,23.5,0,38.0,6,15.8,1.61,0.25,0.0,0.0,22.1,0,0,0,1.8,1.8,0.05,-1.8,-1.8,Matches,15.8
2595,Simon Terodde,de GER,FW,Schalke 04,de Bundesliga,34,1988,20.3,5,43.0,19,44.2,2.12,0.94,0.12,0.26,12.4,0,0,1,6.3,5.5,0.13,-1.3,-0.5,Matches,44.2
2600,Martin Terrier,fr FRA,"FW,MF",Rennes,fr Ligue 1,25,1997,14.7,9,47.0,27,57.4,3.21,1.84,0.19,0.33,15.2,0,0,0,5.6,5.6,0.12,3.4,3.4,Matches,57.4
2616,Khéphren Thuram,fr FRA,MF,Nice,fr Ligue 1,21,2001,28.3,2,38.0,9,23.7,1.34,0.32,0.05,0.22,18.4,0,0,0,3.2,3.2,0.08,-1.2,-1.2,Matches,23.7
2617,Marcus Thuram,fr FRA,FW,Gladbach,de Bundesliga,24,1997,27.9,13,92.0,44,47.8,3.29,1.58,0.14,0.3,12.7,0,0,0,16.5,16.5,0.18,-3.5,-3.5,Matches,47.8
2626,Karl Toko Ekambi,cm CMR,"FW,MF",Lyon,fr Ligue 1,29,1992,15.0,4,41.0,19,46.3,2.73,1.26,0.1,0.21,14.7,0,0,0,4.4,4.4,0.11,-0.4,-0.4,Matches,46.3
2630,Raúl de Tomás,es ESP,FW,Rayo Vallecano,es La Liga,27,1994,8.9,4,41.0,14,34.1,4.58,1.57,0.07,0.21,20.6,1,1,2,5.1,3.5,0.09,-1.1,-0.5,Matches,34.1
2637,Ivan Toney,eng ENG,FW,Brentford,eng Premier League,26,1996,32.8,20,87.0,33,37.9,2.65,1.01,0.16,0.42,16.5,9,6,7,18.7,13.2,0.15,1.3,0.8,Matches,37.9
2640,Ferrán Torres,es ESP,"FW,MF",Barcelona,es La Liga,22,2000,15.5,4,37.0,11,29.7,2.39,0.71,0.11,0.36,15.6,1,0,1,4.9,4.1,0.11,-0.9,-0.1,Matches,29.7
2651,Lucas Tousart,fr FRA,MF,Hertha BSC,de Bundesliga,25,1997,32.7,5,43.0,16,37.2,1.31,0.49,0.12,0.31,16.7,0,0,0,3.6,3.6,0.08,1.4,1.4,Matches,37.2
2667,Leandro Trossard,be BEL,"FW,MF",Brighton,eng Premier League,27,1994,14.6,7,38.0,17,44.7,2.6,1.16,0.18,0.41,15.0,0,0,0,4.4,4.4,0.12,2.6,2.6,Matches,44.7
2684,Enes Ünal,tr TUR,FW,Getafe,es La Liga,25,1997,33.0,14,82.0,31,37.8,2.48,0.94,0.11,0.29,18.8,16,5,6,11.7,7.1,0.09,2.3,1.9,Matches,37.8
2686,Cengiz Ünder,tr TUR,"MF,DF",Marseille,fr Ligue 1,25,1997,27.7,5,70.0,23,32.9,2.53,0.83,0.06,0.17,17.1,2,1,1,8.3,7.5,0.11,-3.3,-3.5,Matches,32.9
2696,Emanuele Valeri,it ITA,DF,Cremonese,it Serie A,23,1998,30.9,2,40.0,6,15.0,1.29,0.19,0.05,0.33,21.5,3,0,0,2.2,2.2,0.05,-0.2,-0.2,Matches,15.0
2703,Federico Valverde,uy URU,"MF,FW",Real Madrid,es La Liga,24,1998,27.8,7,63.0,21,33.3,2.27,0.76,0.11,0.33,22.7,2,0,0,4.3,4.3,0.07,2.7,2.7,Matches,33.3
2714,Gabriel Veiga,es ESP,MF,Celta Vigo,es La Liga,20,2002,25.5,11,62.0,29,46.8,2.43,1.14,0.18,0.38,19.8,0,0,0,6.1,6.1,0.1,4.9,4.9,Matches,46.8
2757,Dušan Vlahović,rs SRB,FW,Juventus,it Serie A,22,2000,21.4,10,65.0,20,30.8,3.04,0.94,0.12,0.4,15.5,4,2,3,9.7,7.3,0.11,0.3,0.7,Matches,30.8
2758,Nikola Vlašić,hr CRO,"MF,FW",Torino,it Serie A,24,1997,30.3,5,53.0,21,39.6,1.75,0.69,0.09,0.24,18.0,1,0,0,4.3,4.3,0.08,0.7,0.7,Matches,39.6
2769,Elye Wahi,fr FRA,FW,Montpellier,fr Ligue 1,19,2003,27.9,19,62.0,36,58.1,2.22,1.29,0.29,0.5,14.5,1,1,1,12.2,11.4,0.18,6.8,6.6,Matches,58.1
2780,James Ward-Prowse,eng ENG,MF,Southampton,eng Premier League,27,1994,37.5,9,40.0,16,40.0,1.07,0.43,0.18,0.44,27.1,17,2,4,5.7,2.5,0.06,3.3,4.5,Matches,40.0
2781,Ollie Watkins,eng ENG,FW,Aston Villa,eng Premier League,26,1995,34.7,15,84.0,45,53.6,2.42,1.3,0.17,0.31,12.6,0,1,2,16.5,14.9,0.18,-1.5,-0.9,Matches,53.6
2790,Danny Welbeck,eng ENG,FW,Brighton,eng Premier League,31,1990,20.6,6,62.0,22,35.5,3.01,1.07,0.1,0.27,14.1,1,0,0,9.4,9.4,0.15,-3.4,-3.4,Matches,35.5
2793,Timo Werner,de GER,"FW,MF",RB Leipzig,de Bundesliga,26,1996,21.5,9,61.0,24,39.3,2.83,1.12,0.15,0.38,15.0,0,0,0,9.1,9.1,0.15,-0.1,-0.1,Matches,39.3
2800,Iñaki Williams,gh GHA,FW,Athletic Club,es La Liga,28,1994,31.5,10,83.0,32,38.6,2.63,1.02,0.11,0.28,15.1,0,1,2,10.7,9.1,0.11,-0.7,-0.1,Matches,38.6
2802,Nico Williams,es ESP,FW,Athletic Club,es La Liga,20,2002,29.5,6,61.0,20,32.8,2.07,0.68,0.1,0.3,17.7,1,0,0,4.9,4.9,0.08,1.1,1.1,Matches,32.8
2803,Willian,br BRA,FW,Fulham,eng Premier League,33,1988,23.6,5,41.0,17,41.5,1.74,0.72,0.12,0.29,18.8,3,0,0,3.4,3.4,0.08,1.6,1.6,Matches,41.5
2804,Joe Willock,eng ENG,MF,Newcastle Utd,eng Premier League,22,1999,28.4,3,58.0,16,27.6,2.04,0.56,0.05,0.19,16.9,0,0,0,7.0,7.0,0.12,-4.0,-4.0,Matches,27.6
2805,Callum Wilson,eng ENG,FW,Newcastle Utd,eng Premier League,30,1992,20.9,18,70.0,31,44.3,3.36,1.49,0.21,0.48,12.4,0,3,3,17.4,15.1,0.22,0.6,-0.1,Matches,44.3
2825,Granit Xhaka,ch SUI,MF,Arsenal,eng Premier League,29,1992,33.3,7,40.0,14,35.0,1.2,0.42,0.18,0.5,16.6,3,0,0,4.7,4.7,0.12,2.3,2.3,Matches,35.0
2838,Mattia Zaccagni,it ITA,FW,Lazio,it Serie A,27,1995,30.8,10,56.0,23,41.1,1.82,0.75,0.16,0.39,16.7,1,1,1,6.7,5.9,0.11,3.3,3.1,Matches,41.1
2840,Wilfried Zaha,ci CIV,"FW,MF",Crystal Palace,eng Premier League,29,1992,25.4,7,64.0,21,32.8,2.52,0.83,0.11,0.33,16.8,0,0,2,6.5,4.8,0.08,0.5,2.2,Matches,32.8
2844,Rodrigo Zalazar,uy URU,"MF,FW",Schalke 04,de Bundesliga,22,1999,14.7,1,38.0,13,34.2,2.59,0.89,0.03,0.08,21.6,10,0,0,3.1,3.1,0.08,-2.1,-2.1,Matches,34.2
2847,Andre-Frank Zambo Anguissa,cm CMR,MF,Napoli,it Serie A,26,1995,33.9,3,50.0,15,30.0,1.48,0.44,0.06,0.2,18.1,1,0,0,4.4,4.4,0.09,-1.4,-1.4,Matches,30.0
2854,Duván Zapata,co COL,FW,Atalanta,it Serie A,31,1991,15.4,2,41.0,8,19.5,2.65,0.52,0.05,0.25,15.6,0,0,0,3.9,3.9,0.1,-1.9,-1.9,Matches,19.5
2870,Edon Zhegrova,xk KVX,"FW,MF",Lille,fr Ligue 1,23,1999,11.7,3,42.0,14,33.3,3.58,1.19,0.07,0.21,18.4,1,0,0,3.6,3.6,0.09,-0.6,-0.6,Matches,33.3
2871,Piotr Zieliński,pl POL,MF,Napoli,it Serie A,28,1994,25.4,3,53.0,19,35.8,2.09,0.75,0.06,0.16,22.4,6,0,0,3.5,3.5,0.07,-0.5,-0.5,Matches,35.8
2887,Martin Ødegaard,no NOR,MF,Arsenal,eng Premier League,23,1998,34.7,15,93.0,31,33.3,2.68,0.89,0.16,0.48,19.2,9,0,0,10.0,10.0,0.11,5.0,5.0,Matches,33.3
